AccountID,AccountName,State
1,Account 1,TX
2,Account 2,TX
3,Account 3,TX
4,Account 4,TX
5,Account 5,TX
6,Account 6,TX
7,Account 7,TX
8,Account 8,TX
9,Account 9,TX
10,Account 10,TX
11,Account 11,TX
12,Account 12,TX
13,Account 13,TX
14,Account 14,TX
15,Account 15,TX
16,Account 16,TX
17,Account 17,TX
18,Account 18,TX
19,Account 19,TX
20,Account 20,TX
21,Account 21,TX
22,Account 22,TX
23,Account 23,TX
24,Account 24,TX
25,Account 25,TX
26,Account 26,TX
27,Account 27,TX
28,Account 28,TX
29,Account 29,TX
30,Account 30,TX
31,Account 31,TX
32,Account 32,TX
33,Account 33,TX
34,Account 34,TX
35,Account 35,TX
36,Account 36,TX
37,Account 37,TX
38,Account 38,TX
39,Account 39,TX
40,Account 40,TX
41,Account 41,TX
42,Account 42,TX
43,Account 43,TX
44,Account 44,TX
45,Account 45,TX
46,Account 46,TX
47,Account 47,TX
48,Account 48,TX
49,Account 49,TX
50,Account 50,TX
51,Account 51,TX
52,Account 52,TX
53,Account 53,TX
54,Account 54,TX
55,Account 55,TX
56,Account 56,TX
57,Account 57,TX
58,Account 58,TX
59,Account 59,TX
60,Account 60,TX
61,Account 61,TX
62,Account 62,TX
63,Account 63,TX
64,Account 64,TX
65,Account 65,TX
66,Account 66,TX
67,Account 67,TX
68,Account 68,TX
69,Account 69,TX
70,Account 70,TX
71,Account 71,TX
72,Account 72,TX
73,Account 73,TX
74,Account 74,TX
75,Account 75,TX
76,Account 76,TX
77,Account 77,TX
78,Account 78,TX
79,Account 79,TX
80,Account 80,TX
81,Account 81,TX
82,Account 82,TX
83,Account 83,TX
84,Account 84,TX
85,Account 85,TX
86,Account 86,TX
87,Account 87,TX
88,Account 88,TX
89,Account 89,TX
90,Account 90,TX
91,Account 91,TX
92,Account 92,TX
93,Account 93,TX
94,Account 94,TX
95,Account 95,TX
96,Account 96,TX
97,Account 97,TX
98,Account 98,TX
99,Account 99,TX
